,AGO,BOL,BRA,BDI,ECU,IDN,MDG,MWI,PNG,PRY,PER,RWA,TLS,ZWE,COG,CUB,DOM,HTI,PHL,TZA,ZMB,BEN,CMR,CAF,COL,COD,CRI,CIV,SLV,GNQ,ETH,GAB,GHA,GTM,GIN,GUY,HND,IND,JAM,KEN,LAO,LBR,MEX,NPL,NIC,NGA,PAN,SLE,LKA,THA,TGO,TTO,UGA,VEN,VNM,YEM
1901,78.029625,89.817726,147.83461,88.63421,176.33224,227.73083,121.32298,83.41737,301.5856,83.91946,127.6496,90.92136,137.8631,66.51973,125.62273,146.1307,145.06667,153.45958,202.57095,65.464745,83.015884,99.76564,133.73436,113.51969,216.28247,123.467186,263.6435,119.623764,147.26282,187.24362,61.674217,143.28265,94.57079,211.55371,186.03267,178.80893,166.87575,78.79487,191.90334,50.48391,145.44077,244.19516,53.69402,106.04533,208.1927,101.58129,229.61319,319.40405,107.37843,142.7076,96.82191,151.04333,78.194824,156.64845,147.06902,13.775259
1902,78.282394,88.64737,146.87148,88.10351,155.96631,197.49951,115.03129,96.951294,253.97754,91.128456,125.277565,102.589066,103.67857,51.544983,131.70474,98.9825,114.25456,118.63249,202.30904,76.77386,86.23629,82.38947,140.61757,113.01979,200.2991,126.87355,205.15833,114.756546,147.26282,214.23381,59.681793,146.39528,90.25755,204.93095,159.6814,204.11366,165.81071,84.403305,135.01418,57.791595,154.46065,221.52617,50.424503,114.29796,179.72318,101.029434,207.43294,270.21982,163.26323,130.59244,90.99905,133.44833,103.32063,155.51633,159.50072,13.6141615
1903,80.56601,93.32456,145.65738,107.2057,153.19087,231.11081,123.90298,75.829346,240.97583,96.032104,125.547485,110.919785,127.78274,43.6631,144.13707,107.29226,122.35403,125.347084,189.84505,89.1184,74.615135,78.498825,134.3707,112.905174,209.78256,128.96094,240.15234,114.647415,147.26282,191.24951,74.47533,157.0352,84.88941,202.50877,159.34584,212.7172,166.24954,91.74327,150.85167,54.328125,141.85315,207.33867,55.963585,112.84737,197.98438,97.36379,219.89787,256.26486,126.17965,126.45007,85.67952,138.76334,107.256226,159.41158,147.9192,13.601555
1904,73.865105,87.15885,146.21407,97.44649,164.34943,231.68335,120.97573,109.03098,262.18848,89.36283,125.32361,100.572395,150.20596,55.066765,127.88607,123.54976,127.36882,146.635,224.44522,96.43379,83.0807,73.9402,129.53915,105.611,213.04118,124.520706,212.82812,112.00148,147.26282,181.96225,59.88612,145.78491,80.48684,208.61919,166.61682,185.27853,166.32396,80.09796,191.46916,56.054382,160.03761,204.70483,55.009674,104.551834,187.25781,95.83896,208.56279,253.33064,115.19118,144.08015,78.52571,141.985,94.75914,159.998,165.86374,13.441969
1905,73.36043,92.15697,149.6171,103.49254,143.9284,217.86116,138.27562,94.03087,235.86238,103.32401,123.4672,105.74062,120.22322,41.731678,126.19077,114.00596,127.72661,137.56041,176.75168,92.13178,74.22519,81.0826,138.3699,111.71875,215.14865,124.72815,255.87785,117.22611,147.26282,197.52353,61.21273,141.57274,84.3366,211.21101,168.8483,171.56882,166.92113,78.16679,227.405,59.94558,148.39104,216.1655,61.118702,107.90853,208.05559,111.57816,224.7465,263.64078,106.60294,138.62598,92.98333,141.425,96.06044,158.46402,154.5455,13.776987
1906,81.684944,88.76628,147.4343,86.87719,150.82571,239.44006,131.80797,87.224884,265.66882,71.058945,124.281265,84.39583,120.30178,54.02485,130.32231,163.04321,119.6172,142.73416,219.56438,95.948494,71.07403,88.31593,135.24113,110.61312,214.89029,123.93324,223.0409,141.82216,147.26282,172.83481,66.7321,131.53244,108.936844,207.94926,183.9398,195.34175,166.32365,88.11647,255.63416,65.70492,136.93285,234.8695,57.21757,108.948166,191.82956,104.776306,211.76047,274.56354,131.72035,129.86555,93.78095,121.971664,97.11845,152.50552,143.53175,13.415327
1907,75.55528,90.94412,148.6139,99.380264,167.88116,228.9014,123.4624,94.03169,266.87775,91.53783,128.94345,108.260414,134.90298,68.76401,129.05602,79.468575,119.39758,116.92916,189.26474,74.744934,79.37161,85.753654,117.09971,108.938576,225.72371,124.787766,181.70677,124.9129,147.26282,167.26863,59.14439,144.32584,88.81059,213.00833,146.37521,216.44742,166.30179,81.79079,107.081665,54.664978,141.97311,228.50867,53.256702,107.39187,179.33516,85.51372,194.29845,261.33942,140.72574,134.514,84.145004,127.42833,94.02581,153.74069,146.6293,13.586528
1908,79.05168,88.25069,146.2173,91.55395,182.43333,231.95114,128.64206,95.610794,299.86035,96.65867,129.30983,89.02812,129.28096,48.47776,120.11098,114.48619,110.264786,114.26167,222.4078,84.63135,79.01715,88.93655,129.26157,109.74916,227.31758,117.78235,250.20755,139.0076,147.26282,180.23775,66.942245,142.4883,108.28871,207.60774,183.32523,202.29219,166.49643,89.10719,148.75749,56.474464,152.03137,266.4095,52.23977,96.16443,201.6375,100.77553,224.94553,282.55676,103.599266,160.825,96.148094,148.92166,92.863594,168.98569,160.32405,13.839551
1909,89.592445,90.39095,142.02567,74.06754,178.54898,247.80305,107.297325,69.95669,284.97128,78.343704,127.37008,83.77239,109.941666,53.023846,147.11594,143.34428,132.07742,163.815,219.65596,62.905342,67.981964,96.661255,139.42328,119.46842,219.20328,124.65491,281.43567,140.28117,147.26282,209.85442,67.85317,159.30586,112.053116,211.65239,167.74933,214.1835,167.05179,92.46664,317.57416,53.648308,158.94888,220.15067,51.8693,151.64258,215.28113,110.98759,236.75388,249.2714,124.3848,143.94891,97.79833,141.59833,96.457115,157.88521,163.29367,13.529663
1910,80.32159,88.94806,145.2339,58.09649,158.3908,253.14177,117.712364,88.37395,250.53291,83.71463,126.036026,49.438023,136.28513,52.763905,129.49916,110.99477,126.41801,136.55124,231.8989,73.71536,79.52556,93.15044,127.81195,106.93929,235.44809,121.24072,211.762,152.81766,147.26282,204.05147,62.094666,131.72162,122.0,212.5101,165.49234,223.77121,166.38943,95.00166,217.20418,49.657402,151.00105,226.13101,52.53255,128.06403,188.98256,94.31584,206.78352,233.25247,121.78259,151.47891,108.11405,134.65334,79.03495,165.45396,154.63257,13.735319
1911,76.87444,95.21242,143.30193,92.2386,154.47253,204.57686,119.21855,76.13932,234.18062,96.89938,125.87063,86.85052,95.70179,59.037903,131.58977,88.83905,124.18656,110.80125,188.00974,81.91011,74.03409,87.94825,121.007675,108.16703,216.60632,128.965,228.48515,149.49982,144.31154,137.99313,63.487206,133.0353,108.36184,202.38377,165.63809,199.70206,163.86502,81.36171,119.94334,54.298668,123.81001,231.19351,51.317036,116.18303,190.48021,102.56533,217.49321,245.69797,121.70024,121.5473,92.61833,134.61166,94.41027,164.2521,141.88832,13.945941
1912,86.10497,91.839554,141.96117,96.64737,152.36964,232.1511,111.67268,75.09695,247.36882,85.65895,125.49426,93.86667,122.19108,40.258835,146.66043,90.4631,120.55027,114.27958,182.92825,82.89754,74.02696,70.06126,129.24437,112.871254,219.34424,123.379105,219.44453,130.30858,147.82822,188.15686,57.302277,154.83438,91.41433,213.02039,153.88594,163.95,165.9381,86.54395,129.4825,58.291485,130.31653,214.05733,54.624237,107.23851,189.27539,84.47032,211.92326,228.95676,143.66519,135.22356,75.05333,136.83833,100.534065,164.10397,140.51178,13.623964
1913,74.686,91.90419,144.5592,104.63948,187.39615,228.70357,129.4838,87.49812,245.45894,86.1518,130.1148,96.70521,115.23452,45.10105,108.41925,99.56286,108.497314,115.63833,200.41536,89.46016,75.665695,83.80746,115.20841,96.67679,223.83911,110.9224,245.22969,129.83154,149.88013,143.92549,54.16978,110.68213,99.26021,222.86563,152.35759,174.69373,168.67783,85.86879,119.764175,53.86947,143.69559,198.69284,59.20982,125.07418,200.18242,86.95622,222.74808,216.19775,153.64069,134.93617,86.59881,143.20999,81.91602,169.15007,153.66782,13.662262
1914,67.893745,87.66865,137.56192,100.82237,152.49724,192.26208,129.81561,77.71432,208.89616,100.18139,125.673935,103.80729,119.09524,61.89729,134.44089,82.37988,124.52124,104.94208,159.0482,76.150116,76.721504,67.60936,125.36696,113.74049,203.45998,128.83028,181.47708,111.73346,148.60193,173.0853,70.17223,139.69339,87.75218,218.00789,133.44821,179.34415,164.81175,91.71066,84.18916,53.32489,137.33473,163.10483,60.07003,108.18536,172.75807,78.30565,198.39438,184.07883,140.96765,134.5939,84.6119,141.04166,100.31772,162.04431,151.96188,13.610232
1915,72.611984,90.81847,129.67046,118.53684,193.59152,228.15332,120.73694,78.27699,262.02148,89.69939,129.56297,118.75781,107.25952,59.660442,125.22838,152.74655,145.23602,183.16292,194.19882,80.165344,73.96481,77.611984,125.85415,102.84824,224.80862,120.39508,268.54974,124.95235,147.3032,215.9946,69.81217,151.90533,94.21846,212.88528,164.17813,186.90463,167.32083,89.47924,324.21417,55.676186,165.52388,213.60017,52.95556,125.71189,208.7034,98.06745,234.23372,246.57927,118.94706,145.1022,87.059525,137.87332,100.51546,158.26115,164.09071,13.14728
1916,88.326195,85.53209,145.03726,95.30439,181.65958,253.41824,135.38129,91.98228,290.89215,81.47959,129.38968,100.68125,152.57024,46.081474,139.76561,123.038574,141.93576,173.39584,228.48111,88.79667,79.17946,89.17895,141.06924,116.66051,228.51143,129.56697,292.90753,126.26062,147.26282,206.25882,75.62058,160.58641,111.60576,226.84746,148.23557,196.57397,167.85506,102.1455,276.09833,58.822807,146.16037,208.30801,59.602814,132.29218,217.46536,106.87118,246.38217,229.67746,108.33799,144.75098,100.622856,139.41,96.52443,163.90097,147.17532,14.346201
1917,77.85364,86.5211,148.49002,105.84824,192.89188,251.44812,120.60075,84.93849,277.1341,72.410324,130.92935,107.001564,145.88809,56.02485,132.78543,93.773926,121.30483,134.44876,224.99149,82.86418,82.83218,102.13246,116.846756,109.0235,241.05122,126.47996,272.38544,135.3684,147.26282,192.97206,69.05335,149.72395,118.75608,209.75461,151.48459,189.35928,166.94925,104.99858,171.54333,61.970406,131.62662,208.27548,47.097664,133.31747,210.54349,99.52065,233.86551,225.18784,132.16911,136.99307,116.98334,138.81168,105.988266,163.3317,154.34459,13.520769
1918,79.85248,89.678764,145.00023,88.46009,179.36195,205.95525,111.9713,76.827225,229.34244,95.54479,129.52228,89.60261,153.96725,77.7874,122.35675,84.27762,119.1379,121.90834,195.91478,66.78429,74.672585,83.13319,140.23349,109.28395,216.60709,117.33567,201.67656,114.52049,147.26282,195.89363,55.891083,145.36719,99.5278,209.52115,155.34404,193.69666,166.03943,73.67007,134.73416,39.74102,149.99818,188.8685,52.50769,106.42063,180.79257,103.49898,202.89186,205.79436,119.78334,125.37532,92.50476,137.43668,69.41473,159.12297,165.66054,13.401382
1919,76.11062,90.55518,139.05269,102.18289,168.86456,209.24863,123.331985,78.839676,271.99023,100.08916,128.03514,98.94375,96.21905,61.305473,123.72479,118.55131,118.04032,131.795,181.02167,74.846344,84.34188,77.38962,131.6351,114.86488,215.99402,127.50425,275.49323,104.93506,150.26923,176.94559,52.212944,143.92319,87.409195,235.4366,145.70885,183.48015,169.21384,93.665634,208.14499,49.334625,115.05302,172.5465,64.87472,115.8441,204.52448,88.36353,237.27151,204.57883,139.49608,123.16782,80.48452,139.34833,102.471924,150.83878,135.56447,13.445294
1920,77.94877,91.40808,145.58664,95.27544,140.67065,219.74597,122.55701,88.185684,287.1245,88.86846,125.79143,95.603645,116.85952,56.392773,127.9269,90.89916,99.174194,87.185,182.65804,74.61925,80.68903,80.01667,126.93054,114.96608,214.20981,121.45681,214.38464,99.28111,149.49167,183.47598,61.473907,149.59595,83.97874,215.4399,140.69084,163.6927,166.21622,78.46711,98.707504,51.886494,150.70973,163.62134,50.349583,101.21209,187.05325,100.99349,208.99089,181.73897,125.119606,123.989075,82.32024,142.37332,95.675644,160.78197,171.94301,14.046633
1921,78.392624,92.377365,152.37277,68.18026,178.9918,228.55428,129.76343,90.44906,284.5418,94.45909,129.25552,67.93802,121.729164,65.30612,129.09793,106.22798,129.7707,136.01083,232.26328,70.42126,85.12973,94.78713,125.25205,109.45768,244.69824,113.38788,207.25285,125.34129,156.27628,184.70343,56.9411,152.4997,112.74214,245.99374,151.13005,193.43591,173.7506,91.81279,182.54083,38.986206,125.1425,216.98515,55.833424,118.75539,184.42722,100.78573,206.09282,230.08716,127.80294,124.80763,100.64048,157.4,76.82047,161.52164,146.76532,13.57297
1922,75.82947,92.17062,151.19772,68.79561,152.93826,217.2707,127.03849,77.11068,260.37726,89.961075,126.15071,79.36927,128.17084,31.792923,134.43787,97.23702,104.74086,88.934586,209.32703,74.57441,71.938705,87.183334,128.98596,115.78027,213.75041,124.62152,200.35599,118.38265,145.59038,206.8892,56.361958,159.16585,91.90669,212.12247,162.55417,195.12389,166.39003,93.17351,117.0225,47.454704,129.18613,226.05,62.842175,142.40813,181.25494,91.24838,203.22751,260.38715,135.48137,132.41187,90.51905,118.39166,92.80032,157.14558,152.74124,13.901296
1923,90.73011,88.557945,145.57762,89.25439,146.10051,205.34224,121.49141,94.80681,246.59485,88.92864,124.33252,87.546875,106.43988,66.40672,132.43634,103.47417,114.531456,107.47667,216.10645,88.85297,90.85573,82.755554,141.28386,119.91996,192.3873,128.02934,187.27213,111.16321,127.996155,182.37108,70.863106,150.92328,94.16137,156.58318,152.29025,170.04347,154.92873,83.14154,142.37582,65.3407,152.09306,177.85966,53.975567,102.9808,178.60924,97.85326,196.70871,226.6919,146.68088,143.93655,85.75,141.45,101.74531,146.37552,169.5657,13.626727
1924,80.369316,81.912,160.95828,85.823685,169.90044,238.35725,110.762436,77.34636,257.78937,66.42638,124.12248,83.583855,95.82024,53.719025,130.56082,120.49571,111.8207,116.590004,218.60869,67.15785,68.60785,94.17529,128.94339,116.300064,208.87727,121.05614,267.9167,132.64217,157.60129,183.66814,60.370735,150.37094,92.31636,242.09317,167.59642,176.29562,171.12947,88.62941,206.52917,46.026867,131.43523,211.1595,56.97608,115.629776,210.20586,108.38246,230.01103,246.30428,145.89828,133.25633,95.11714,106.2,88.69547,144.8429,150.90839,13.851036
1925,82.11708,87.38447,139.1102,102.98596,176.67688,216.34346,115.29427,106.656815,244.3519,90.65587,128.37102,92.870834,110.36726,73.30743,142.60902,98.052505,114.52124,105.7975,218.21834,87.841576,91.65688,97.20263,137.22919,111.721054,224.09102,125.969284,215.75105,131.21672,129.40578,191.6598,65.85113,158.5765,106.66152,169.45,161.30298,152.31065,158.6442,89.10338,124.75667,52.038433,136.77802,203.44,61.58254,115.9753,185.34518,100.04613,210.06686,232.18918,146.67354,131.10847,100.14571,108.80501,86.349594,143.99826,142.71193,13.745424
1926,81.61461,86.85651,148.15628,81.23596,129.01971,217.57968,116.235916,102.857506,266.18845,83.467514,122.137474,83.009895,107.243454,71.24136,144.8796,119.03048,108.29973,110.104164,220.15276,80.0811,95.23876,83.06915,143.89035,109.11826,202.75168,125.81242,194.65599,122.73185,157.99295,242.03726,78.45273,177.691,94.01222,240.72871,148.62344,162.70009,170.8308,88.32887,140.74918,58.479992,143.95778,212.7905,58.886116,117.762596,186.32162,92.54247,183.02733,227.75833,142.20197,142.44786,85.07643,107.98167,100.42638,142.07285,167.3308,14.049006
1927,84.121635,93.20601,141.8534,87.89474,185.5037,220.6232,125.583694,93.17488,271.211,82.17874,130.7153,90.64583,111.95536,45.885742,124.856705,94.22679,122.023926,133.97833,195.07074,81.44626,78.40782,91.57485,135.34758,103.22064,241.7395,123.4066,255.37292,138.23636,149.94743,202.33481,56.130024,142.55301,95.41464,233.95193,163.43132,232.77457,168.98764,89.51252,158.64833,46.080784,142.0806,238.48332,63.67832,107.499084,201.79623,108.006714,227.43082,223.24258,126.81152,135.00879,88.23571,139.37668,78.27994,181.83081,155.48396,13.379146
1928,73.74479,92.03468,145.16101,77.48333,184.93471,222.33537,123.180984,81.82148,267.89362,98.72026,130.99887,86.575,114.52858,52.005623,137.32559,98.743576,135.48817,133.98792,204.31027,74.03573,80.64575,90.0345,152.02975,115.68434,243.45695,116.21913,202.15312,134.50697,143.27307,237.2701,65.090614,155.81142,100.33287,201.97067,168.57143,189.4189,162.94017,86.63647,146.33667,48.76412,125.20589,270.66284,56.537067,111.02815,192.50365,104.56545,179.48354,262.44867,144.38455,118.80217,92.32119,124.173325,90.31473,150.59355,136.52956,13.731433
1929,80.49763,92.73299,149.04523,82.08816,171.98898,218.68782,118.22467,90.31409,270.61652,83.3929,127.916176,93.90364,146.5875,70.71255,131.64377,99.0056,90.90699,86.847916,206.44197,72.97189,83.19231,99.37573,129.72052,114.54515,205.7363,124.837,166.68307,132.78722,155.56795,202.44363,65.91468,142.88327,110.18138,233.46028,173.17834,178.10713,170.49673,87.793686,102.815,46.734337,145.97969,227.88834,57.74756,116.23588,178.46524,101.890526,169.3312,251.31644,143.63309,117.029724,103.70809,127.855,87.72799,150.06496,151.63272,13.997798
1930,71.259094,91.83512,135.6496,103.18904,141.55688,213.05168,110.410355,78.975235,264.03613,95.93788,121.68125,113.4849,88.46786,53.104565,111.93291,112.292984,108.71129,109.46208,174.85022,100.678215,77.29845,89.20658,125.6803,108.53461,201.73224,121.764015,154.60963,116.81895,147.22949,168.35147,64.371574,126.35075,104.07951,208.33467,151.88036,172.20163,163.57248,86.82964,127.90501,64.52963,127.81569,199.04001,57.537792,99.122154,166.14609,103.912766,179.7841,210.72635,144.75246,126.117226,91.776665,127.69,95.88746,146.44087,139.7247,13.441063
1931,77.19704,93.7917,141.8843,92.32632,155.6763,239.14365,131.90727,104.40798,221.92928,85.708145,121.461716,95.57761,93.004166,44.86225,126.54848,109.56679,126.91909,134.60542,202.04193,88.6916,87.23785,96.02719,133.65082,112.998375,217.147,120.44584,203.13803,135.69296,176.13269,192.35785,60.47362,132.40143,104.99026,231.2939,164.72739,187.29898,175.48616,96.3828,191.35333,50.663254,118.24089,249.84085,61.690346,127.316666,199.21849,104.902115,175.58527,251.03288,157.75735,121.268906,98.15309,127.525,95.12217,178.24326,133.6216,13.291969
1932,71.98008,97.68736,132.8289,93.15351,177.76051,238.32796,129.2236,79.52547,228.15034,98.548485,139.49136,98.49219,146.11429,61.525654,128.32532,100.95726,125.04463,119.38292,209.94344,84.07735,83.06798,75.29839,126.97656,106.66465,215.4084,119.66931,223.59012,117.13988,175.26218,169.59952,58.926247,132.27681,92.45514,236.15967,165.40884,188.35886,180.81041,91.10241,154.44667,56.110634,147.80595,245.08333,63.91683,100.338615,226.37903,91.09468,180.72655,251.15247,145.14093,131.98145,82.991905,107.096664,91.705666,144.55728,152.13808,13.7045765
1933,79.19203,88.7592,141.79079,86.34781,175.08826,241.99704,114.94255,78.51701,280.5574,76.82117,123.39082,92.0974,144.5113,48.556526,186.34964,152.09476,137.8828,169.10709,206.58232,75.6429,75.91304,99.685234,143.736,125.52826,217.42603,119.584755,260.92578,137.64871,208.225,173.2701,59.182495,183.59497,112.83871,251.98616,168.35104,222.38737,177.46487,101.95049,317.86002,42.461746,134.85315,212.83768,63.953026,134.60934,216.43555,100.49648,219.24069,236.12297,136.69215,132.5714,108.813805,164.04832,89.03981,166.12149,134.03845,13.713125
1934,89.059715,92.79506,148.32364,86.74737,191.92268,242.87398,114.93644,100.15317,264.87015,74.752365,130.25812,89.33125,120.76964,56.94292,134.73882,103.155716,132.35323,127.777916,271.91443,82.76491,89.79376,98.78611,133.15274,121.82613,221.87834,120.08315,285.13855,116.65192,124.410255,205.62402,61.81131,167.9678,108.165504,184.17128,154.70639,160.98386,151.1637,93.89046,181.75417,45.036423,160.61548,216.5365,51.73594,116.48842,175.91093,102.39703,270.9196,256.5108,134.27206,141.59488,105.67857,119.895,84.39296,154.69913,162.51964,13.50013
1935,79.76726,87.78214,147.14651,88.74298,172.79921,233.10886,131.04416,80.09953,266.5715,89.900856,124.2101,88.94323,126.22678,39.131126,146.97353,94.54107,126.06317,128.22874,193.33131,83.38342,73.36134,99.61389,135.98674,112.8901,225.34921,124.98753,246.97812,126.77346,158.56667,186.46765,65.196144,175.39616,110.39502,199.52248,148.45871,177.83669,149.82352,85.55681,161.475,50.66085,147.37843,226.91216,61.281555,113.091774,199.93423,98.46887,209.91068,266.7016,163.08896,151.85391,103.265236,143.115,93.45591,154.80899,153.93655,13.984154
1936,73.98694,85.520584,135.29428,100.614914,143.87521,241.95686,115.70036,97.404465,308.16333,83.30819,110.01831,100.96562,110.4637,62.031178,130.60786,136.54108,132.00134,161.45625,205.1222,97.53126,89.95102,81.958626,133.49648,116.290855,198.13315,127.54832,212.37265,118.36531,180.9205,150.76422,69.46825,136.65744,89.536606,267.7503,164.36823,195.79192,197.4302,96.883026,226.525,60.191414,130.90665,202.1635,64.86176,153.19807,213.14323,99.20966,190.62752,236.12094,138.0571,127.63999,86.94595,131.28334,92.723625,152.60953,145.74397,13.925821
1937,88.6219,87.40233,149.95459,114.5,155.37239,240.6062,127.82063,77.23697,254.28789,77.9831,111.19908,121.9849,130.00655,50.113457,139.38861,105.26143,118.47124,126.07833,202.391,91.17459,80.24489,81.73611,122.236,111.58258,211.95488,128.88864,278.0771,122.784386,172.025,171.89706,65.56612,154.23761,91.93652,241.95908,153.27277,209.74287,199.9451,86.218216,215.38416,64.83944,136.34201,198.31233,56.175518,108.31616,247.37473,93.43661,231.6033,226.39548,128.875,140.74884,86.35928,100.60333,103.38479,159.79118,142.61542,13.860881
1938,84.26419,86.375786,142.32962,82.74167,184.48593,243.1578,114.67609,80.51362,260.16876,83.09839,120.67189,89.42396,128.92203,57.77224,124.45116,98.68227,104.61586,109.96041,212.23584,75.30491,80.47309,75.957016,124.7738,113.279625,254.4711,118.69563,310.15912,127.59697,158.01666,182.11667,59.291084,139.43777,94.69572,200.3369,161.46674,242.9694,164.64285,93.97714,158.52417,48.315086,152.46246,205.14116,54.814217,146.26505,235.0448,94.07099,261.57693,245.34077,120.9777,155.69136,81.200714,132.19167,85.47217,177.30215,154.35278,13.63817
1939,78.487854,89.64032,142.01704,89.56711,158.27145,232.84982,132.49422,91.51549,281.37637,107.495834,123.88466,100.36146,155.75238,79.38866,142.25412,96.42714,119.102684,118.005005,233.78352,76.0143,91.42105,90.551315,132.18214,119.57735,204.34502,130.31119,221.99532,115.39754,130.76474,187.14853,57.38982,162.89354,99.650856,198.2942,150.43594,171.99673,138.73215,86.87992,194.34917,43.707687,142.47472,202.622,52.948547,123.71504,161.78307,107.182236,224.92403,224.37253,136.34608,140.02274,96.30309,121.88334,81.53883,131.77386,154.99109,13.682426
1940,74.540436,84.33299,146.67441,92.76228,152.04181,205.09778,119.79253,87.034386,256.45416,103.3972,128.56203,94.45261,111.49404,57.77354,126.62791,108.13988,125.679565,121.53833,191.12144,89.39525,81.42952,89.76433,125.54823,110.601036,206.74394,124.265274,209.74817,117.466415,148.05064,155.99706,58.734093,138.19835,98.49205,215.96667,139.61235,140.80215,170.37471,89.102325,191.80583,58.60959,110.92275,191.45683,47.59591,116.56494,186.18658,99.467354,212.51181,214.43423,128.1821,125.36436,93.97833,115.81,96.75267,123.41508,133.37639,13.49646
1941,71.09505,89.30856,137.62048,103.74736,154.63768,216.71939,128.69235,82.06151,211.42107,93.834854,124.82231,112.129684,137.34048,50.73715,123.41097,91.41262,120.58441,115.85292,195.83981,88.64276,85.40769,87.33816,125.85177,118.719864,189.17528,124.92045,230.78255,127.14172,143.84616,158.1848,61.886955,128.85129,105.25023,212.59717,140.50021,178.95996,174.48125,81.73415,147.67416,60.007866,137.52052,201.32167,60.85036,108.13069,200.11119,98.75209,201.75659,220.93266,164.10931,139.95795,94.817856,125.73,103.8589,136.90326,156.17496,13.554491
1942,70.59248,90.393814,137.89311,90.63158,144.1937,236.17758,104.58479,76.53885,245.81258,87.78674,104.6672,95.64219,125.5387,45.24227,122.36055,132.42154,152.27768,177.26,195.96635,87.7137,75.15156,73.3519,130.39146,115.7043,205.2251,119.36981,272.11356,109.677284,139.85129,162.42647,59.92502,120.94197,98.02258,211.54346,141.9317,210.97964,186.95804,95.19385,248.12834,51.552837,145.36702,178.18784,57.026314,132.80508,220.9345,91.94832,222.38663,224.32431,148.01839,159.99808,81.79619,127.85834,100.175644,180.54843,151.20657,13.630095
1943,79.64064,83.86678,147.32219,83.74342,185.94717,236.55168,108.342064,74.35575,300.67618,92.29375,129.47934,84.066666,125.65238,61.13183,119.40543,102.84988,125.33199,133.82709,197.28513,68.12509,82.012794,83.75761,125.66614,117.72093,228.02596,115.43642,255.76485,129.79964,169.82693,161.15588,53.498737,129.51764,104.471725,223.54092,151.85751,237.27861,168.57901,93.490654,178.83084,42.282795,134.24104,209.48715,58.552376,130.23587,198.81667,95.84392,208.5686,219.6063,131.88896,135.35696,89.22119,140.80167,80.63762,175.64902,147.14876,13.052073
1944,89.05776,84.22064,142.38377,98.623245,151.23949,214.8551,102.32189,95.33615,248.1943,62.305065,123.54647,96.78802,125.55654,53.546185,148.34077,108.08012,123.64032,151.82167,197.17856,91.021484,83.384,85.41111,131.38554,114.009315,229.23453,126.55322,337.83514,121.64,186.21666,204.41814,60.17942,173.23784,100.58053,193.97276,142.52731,207.45972,206.56876,96.82045,195.9275,53.699104,126.881165,209.79085,55.71343,122.48425,294.16055,89.57685,225.43587,227.30022,151.6375,138.89012,92.45762,162.50333,101.27929,183.00912,157.56577,13.144343
1945,93.15273,93.74428,155.15744,91.66491,141.86333,229.3481,108.4375,96.86526,260.74933,82.9153,118.92027,92.7,125.8006,54.6374,140.60512,104.47868,136.84758,145.90584,200.03557,84.651535,80.88637,83.897224,128.26666,112.42006,215.77661,121.37162,230.43152,118.816605,161.0173,189.44069,53.95592,158.5822,97.78629,224.49048,164.92195,230.80782,190.12454,91.99545,222.70915,44.472736,151.56107,191.38449,47.1468,136.03171,215.9927,93.53528,192.2905,250.83829,128.52133,151.1852,91.34453,139.04666,93.16974,165.70863,164.65144,13.282643
1946,76.327255,87.80032,139.0373,90.25877,132.75703,218.88785,128.5296,96.07841,250.46924,102.48972,126.71494,92.23542,124.580956,58.96466,134.40042,93.33738,106.383606,99.48125,189.47754,71.88582,78.072876,76.982895,123.04578,125.814514,198.1251,124.81997,221.35184,100.09704,97.84103,189.86618,64.91261,151.1105,89.52251,144.68333,156.69003,189.93445,93.79702,97.70131,134.775,44.68179,138.67725,186.35466,56.49397,143.72958,167.34596,94.92317,197.85155,226.4268,154.88701,140.40677,87.43071,147.065,102.292885,165.73868,167.61298,13.149007
1947,79.80099,89.58781,154.75058,98.85,165.50732,240.92888,109.010254,98.36209,256.30322,88.59763,121.043175,104.5099,132.9262,44.486595,142.02791,118.066666,110.80861,114.44417,207.86711,96.96434,82.81889,97.51959,127.79085,122.8183,218.04692,124.34094,224.3073,132.73593,151.18398,232.29411,60.805084,178.95511,110.145874,208.40239,146.93118,170.03024,176.76146,96.52382,159.68417,60.374462,126.407005,252.27518,52.64077,120.69767,194.79428,99.642235,208.21648,219.38896,150.72916,134.31818,109.97833,127.52167,100.89433,153.66034,148.5138,13.088514
1948,79.16478,98.94255,147.29056,84.55877,129.3058,235.91833,124.17668,93.73169,257.65692,77.84351,121.97876,87.98958,113.86369,55.708984,140.78934,127.045944,137.30295,143.43625,173.20184,77.84404,84.62102,84.71126,137.06067,113.95664,193.51608,122.14075,222.31302,107.25969,145.68974,207.5358,59.095634,159.75977,91.699295,207.86919,155.4625,213.2574,200.15982,93.701836,198.29001,50.8468,152.98459,171.45917,55.231884,139.78801,221.7366,98.385376,194.30775,220.509,125.514465,139.52461,96.21071,136.83499,95.31561,166.93016,156.62079,12.969172
1949,75.20253,87.026245,147.94873,84.979385,191.0313,233.55887,106.23448,65.47981,276.98907,78.567474,163.53903,90.46927,139.39285,45.35813,140.38893,98.021545,111.44032,112.97542,188.68448,62.642353,67.73073,98.14459,134.91187,108.64235,253.88309,114.61247,262.0875,132.49913,144.45769,202.46617,58.37845,163.62576,109.33069,171.13988,142.69963,251.72363,164.69122,98.49663,170.85083,35.828667,150.52193,200.70534,50.056763,131.85336,212.66223,96.26323,219.57422,222.49211,153.2821,146.64359,114.234764,143.49,86.12751,176.06009,159.7092,13.278498
1950,92.64504,90.018166,146.81454,94.13772,162.68436,243.73946,116.549034,104.261856,282.50555,102.60521,116.640724,97.03854,130.51846,49.83519,135.8248,128.3032,109.18227,110.82208,192.3882,84.62963,84.400215,78.71389,132.18465,121.82552,225.99728,131.00569,271.6474,108.62791,147.30257,207.38676,56.326458,165.0027,83.8169,183.95267,151.49844,213.87595,164.00522,87.25546,185.08833,44.90363,137.29642,169.36801,51.194805,127.93425,213.80351,90.22346,231.71452,209.8151,97.31127,147.40915,78.58929,139.15167,90.307205,166.17747,149.94348,12.869688
1951,92.38258,90.7755,135.8784,113.36623,167.46811,208.53293,106.41472,91.97911,242.95528,88.44148,121.34739,113.27291,93.42321,45.671486,135.88344,113.98572,116.08307,130.74374,195.99155,102.25774,85.328415,99.59108,137.59946,113.671,219.51498,127.11896,241.2211,141.25432,160.6423,223.5662,64.17802,170.11862,111.16067,210.22038,167.97873,236.9488,159.19376,85.214775,169.8625,75.316635,155.19832,236.3215,53.848103,111.92643,180.47421,101.2538,205.6058,242.3232,151.40956,154.36821,104.816666,173.99667,112.53859,171.42131,164.67543,13.4363985
1952,81.32635,85.33948,140.61015,81.695175,135.07834,242.87029,135.762,100.74742,296.73502,94.19891,118.260864,78.19427,95.2125,63.43569,143.39325,112.527855,108.822586,105.66333,220.36496,74.47436,89.35521,90.90351,137.12701,122.52301,205.38852,123.045334,247.97864,142.95512,176.30962,218.33481,54.624725,173.61516,110.11597,242.93066,153.52098,188.1238,194.65283,82.25321,150.80083,45.413147,149.99138,230.89499,60.690075,113.90051,217.40613,102.03564,174.66995,226.53177,109.91274,141.24507,105.112625,99.84334,90.60243,158.2753,154.06297,12.743956
1953,76.9719,91.95754,147.66202,93.12851,195.76463,222.69331,110.824036,85.27934,262.69867,91.68437,140.9154,97.001045,114.682144,75.19493,131.00043,117.42024,123.438705,128.23125,195.2229,77.200485,88.07591,104.65176,128.0218,111.405235,209.5848,122.339294,235.61874,130.5753,139.73334,187.08138,56.477745,153.45059,98.333954,195.46608,164.66495,220.26152,145.78363,93.45619,171.07417,48.96717,138.4458,239.38132,48.439053,121.64817,176.79466,98.45496,194.8341,251.6403,160.02133,154.90277,101.92833,136.23666,87.43446,169.91049,151.24527,12.921934
1954,85.77233,90.48958,141.01474,85.39868,152.67058,261.773,97.999466,75.82641,261.76572,104.44564,124.97435,90.33698,126.313095,65.56732,140.23491,136.37845,118.466934,123.0425,187.00302,73.15176,76.74538,91.05307,144.59457,118.36556,225.1563,127.4483,278.30624,140.08655,183.63974,188.5897,62.29959,163.92087,102.53723,258.27826,179.06584,265.14554,182.29196,94.58788,176.10251,48.563614,129.80266,217.40767,61.820507,126.4066,205.90274,110.70418,232.76743,243.6403,152.77475,134.61086,92.97238,169.26,94.54491,199.42926,145.22044,13.062349
1955,81.12966,95.17622,149.43607,89.40789,172.40471,260.59247,105.16335,95.01303,232.70242,82.775475,124.272545,103.56146,142.8125,65.294075,148.4518,102.54286,135.31049,139.47292,197.88205,82.161804,81.57223,104.175,141.33792,127.73734,232.92924,131.9849,276.1396,148.2063,179.71281,196.93333,56.736565,178.38327,115.30896,231.39404,166.13252,216.84665,158.7195,99.09661,165.70749,44.494972,120.06582,239.90933,67.046646,125.07967,191.58229,109.52415,207.44534,244.20586,135.24854,136.00186,111.63452,149.32333,98.568855,176.0998,138.95038,13.035751
1956,80.40585,89.07811,156.37363,94.02325,170.05319,252.04329,118.86147,107.414444,249.7564,105.966385,124.45427,104.76094,167.8125,65.48896,121.48839,90.20452,122.12688,129.66167,236.89558,86.33612,94.15968,79.97807,136.62308,112.86719,231.80807,130.52417,275.68854,108.04679,166.95963,217.1392,56.417213,149.65729,93.07235,245.59048,144.63773,242.76047,154.28513,107.699196,153.81667,48.31171,149.31638,173.16367,53.997406,121.188515,193.081,89.52042,218.9595,200.86868,110.63628,145.1945,82.11762,148.33334,94.153725,184.1101,155.21762,13.150993
1957,91.50725,96.182144,145.95834,101.70439,152.61153,211.33627,98.212364,93.842255,255.95761,99.08054,115.93632,107.898964,122.45654,52.614555,137.35016,117.362625,90.10887,86.19708,167.81145,92.84781,85.74263,110.03801,144.36584,123.48744,193.43124,129.36731,228.69637,149.35666,142.65,198.67255,59.47578,161.88454,115.87337,208.9991,175.0651,150.52466,146.20432,82.24388,125.42583,60.368176,133.7701,239.87717,51.549614,91.35945,192.7095,111.84131,182.9128,231.06396,178.18628,130.87238,115.37285,98.861664,96.96222,132.95497,142.6332,13.749006
1958,70.603325,98.258896,141.52718,90.83509,150.00485,225.44975,116.8005,76.31807,246.3783,101.741005,126.7307,97.23542,107.58274,69.467064,113.231064,133.23227,133.07312,134.30042,180.47601,78.498726,88.54713,69.47807,124.18144,118.768906,171.88316,114.89309,212.72604,98.56889,177.93333,155.34804,62.45401,124.19737,78.99517,240.38408,159.17776,153.49605,166.86726,96.388405,203.49,49.599678,123.15035,172.15083,73.917465,104.02653,174.52422,90.7071,170.80853,209.5,128.34485,121.76453,74.48595,150.98001,95.41044,134.18579,134.85652,12.994733
1959,80.33822,89.86586,141.30415,97.082016,152.98181,220.29619,135.34514,80.811264,248.7978,96.195076,126.848,101.84323,120.0256,52.09388,151.42722,115.018936,87.31344,81.155,180.8854,76.88459,82.30548,94.96842,132.73341,114.34381,202.48647,124.69051,200.06068,133.62518,129.78078,187.17941,58.59157,175.55743,105.52258,192.01755,152.36392,180.62112,129.77261,98.83907,139.89667,48.353127,130.96008,225.634,59.036133,104.65031,151.27057,101.3798,182.38857,222.88986,133.0272,142.1549,101.97191,106.28833,95.49102,150.35747,140.17232,13.4922285
1960,87.94044,89.52994,144.9512,85.51404,138.72667,229.1519,99.05923,84.49636,273.5133,90.60478,120.25728,89.71562,123.16786,47.403915,142.93639,129.91405,130.8707,139.74667,199.58974,82.39345,77.055756,101.63377,137.33334,122.42633,211.59451,131.01347,253.8302,129.44797,164.2327,199.81961,56.78374,174.90796,110.639725,233.28423,152.61584,183.55789,196.89108,86.273544,218.9725,49.320797,150.63544,212.70049,58.814014,103.30681,218.91536,105.51337,206.0911,229.37276,138.02206,137.02426,107.60596,105.65666,95.267075,151.26184,164.72495,12.661399
1961,96.05539,82.599945,139.48233,106.83948,145.3226,201.2498,131.99388,100.77794,270.9421,101.68812,128.46948,111.625,152.19583,53.752758,149.8289,96.716194,125.57688,133.65,188.87921,105.05632,101.44118,80.02792,124.432434,112.22084,215.13423,144.07341,223.90808,108.960556,145.07051,183.61128,68.36165,178.00465,90.08645,226.80966,148.7776,140.70326,170.40193,100.19181,174.22667,76.425575,159.161,201.06616,57.617004,117.70122,179.6444,92.83626,200.7157,223.83154,162.0652,151.78708,86.828094,129.47333,124.7475,149.14285,157.14981,12.241968
1962,84.92543,70.25858,144.56842,103.64736,144.08804,247.26706,101.811775,104.75575,269.23807,75.77292,124.802795,115.251564,147.15416,69.518524,150.24657,88.500595,105.81505,109.329575,213.60876,87.94327,101.58363,106.20365,143.9675,131.83829,226.2502,134.2035,246.55754,136.53296,181.36282,221.7201,60.484734,167.07034,114.53505,234.93808,164.2904,164.36761,185.07634,88.998024,135.57834,56.496513,141.76225,240.03166,53.784637,119.475204,229.5909,106.97327,181.7004,228.33694,129.71912,139.27199,111.752625,113.416664,100.61125,160.42511,139.00497,13.535881
1963,85.99748,71.402596,132.81342,116.25044,145.20384,193.42628,115.34593,108.27065,249.42033,83.99981,122.01166,118.20573,105.90178,50.64182,141.1518,128.76202,137.3,172.41083,178.3903,104.773605,90.72468,113.4443,130.41647,116.574844,224.12471,132.15915,238.53958,146.76648,124.5391,186.51569,68.53094,159.30489,126.14081,202.07738,154.09673,198.10446,157.02693,91.059296,270.76416,68.13617,148.30322,256.9465,55.650867,121.877235,207.92343,110.26576,166.781,225.55203,200.4,141.35504,124.04762,128.94667,104.04183,164.30963,147.54008,15.151209
1964,74.57479,81.66897,156.71019,100.90132,145.25638,244.03963,113.462326,74.73439,276.39346,83.067856,117.16522,100.23021,94.04345,46.722137,138.79884,113.853455,98.17607,112.31126,220.52298,83.62217,71.63532,88.30556,133.72751,121.12093,208.57413,123.763145,247.5953,115.07179,170.69487,192.33383,67.49038,140.93259,89.57305,223.29509,160.54062,162.25291,184.20312,96.99895,152.03334,55.64853,148.46114,191.98868,54.948402,106.4503,217.7629,97.93592,189.32578,204.36621,105.87573,139.80882,89.46786,145.14499,97.901375,150.72847,156.2197,13.606563
1965,71.23384,79.94127,146.76129,94.75702,159.83253,191.78848,134.69838,94.04812,233.85774,111.22145,118.60978,104.31563,106.805954,33.681023,130.73808,89.70226,100.50752,98.57,194.32394,81.97963,74.383224,88.00951,131.52615,109.52171,203.03026,122.63873,225.67473,116.01357,132.05,172.99167,55.9103,137.55984,100.881,217.63437,151.04204,145.43591,135.30714,76.54076,137.89833,45.39562,136.63747,205.08032,55.606537,99.32002,148.89818,96.7386,187.3374,206.39143,168.66862,138.0535,93.56524,127.369995,86.319176,137.14429,143.42256,13.669431
1966,86.3351,77.87703,145.98856,97.42412,139.43616,227.16385,103.192665,82.43944,267.02972,87.11719,112.72142,98.347916,105.8387,53.444782,147.72763,134.30692,117.44731,140.04292,203.13667,79.03795,76.08793,89.75322,139.62051,126.76576,207.36792,126.95571,280.67606,125.909195,166.7641,202.9544,63.38569,154.10413,99.60304,222.51741,162.35513,189.18282,207.12857,80.577446,215.43416,55.039978,150.5785,226.1145,61.909233,91.582115,248.3164,100.4156,202.23062,249.01172,140.20735,151.29318,97.67857,169.96834,96.27144,170.4918,150.86331,12.848143
1967,94.43657,77.33149,143.62653,110.70964,141.05725,199.11128,130.79848,91.36268,269.5501,73.52419,122.42527,106.475,117.99524,55.085846,126.549576,87.853806,72.85645,73.26583,192.13658,99.234474,87.62906,92.0193,129.15567,111.87132,206.82388,122.30753,256.5953,104.57556,111.60193,192.35883,74.759445,150.6141,93.74089,183.68423,160.24889,215.81787,123.495094,86.87805,89.95583,66.36961,133.26009,179.4565,58.864613,99.39522,178.57187,95.948906,228.34769,217.79099,154.5299,127.9327,99.165,126.98334,99.10866,162.02753,137.45197,15.012911
1968,87.747086,82.45879,144.35095,113.702194,145.53377,230.57434,121.24001,88.68451,240.87924,80.99152,123.285995,110.04584,113.88631,43.98027,133.59889,119.70762,93.95188,90.10417,149.47794,100.85573,82.6,105.36827,129.27208,117.90914,208.69771,126.73104,255.94246,146.71797,143.2141,191.41422,66.02952,146.64272,131.86557,225.60684,144.73795,216.44235,189.1363,82.80974,143.47583,77.77676,132.88803,244.16202,60.255302,113.19796,230.47083,103.43217,196.10544,238.36035,108.42525,124.75279,118.29262,125.99833,100.60574,151.26656,136.67346,12.88329
1969,96.3705,77.57805,139.3602,90.875,163.91522,217.39078,104.372116,89.455986,268.0901,96.72529,118.29405,91.59636,111.175,67.82902,145.32828,146.22464,109.94409,131.69958,166.23917,75.17445,96.15417,91.45439,143.69528,120.32076,203.92958,136.25531,265.59064,117.659325,194.37756,199.99706,60.841377,149.24948,98.05561,274.11145,162.2433,166.09192,197.98557,88.035385,189.76666,48.770077,138.12178,219.02068,62.94571,101.26921,228.66875,102.55967,191.72055,239.0597,160.87303,145.48819,97.73929,135.86,92.82354,152.69579,139.64932,11.093178
1970,77.69527,81.04326,143.8646,104.3636,171.42593,251.10698,103.21657,91.30129,286.93048,78.90062,139.60747,107.47447,125.7631,34.848995,142.94145,101.29417,150.76909,161.00583,212.48943,88.31279,78.33191,85.055405,132.81863,113.33453,233.12552,126.891235,292.29843,111.83049,177.01666,198.97255,62.66468,173.28484,87.49128,234.60995,136.30557,214.43025,172.09822,99.20361,222.74167,52.746265,155.7133,193.16367,59.956726,114.08425,216.27579,93.24744,302.89902,199.75743,150.86472,153.75774,94.94453,158.33334,102.5593,162.5223,148.61638,9.475778
1971,78.143265,83.00772,147.74057,106.664474,184.38979,242.43889,128.77243,87.74108,288.07944,92.494415,139.29901,104.38959,105.7131,49.901104,130.91736,91.1769,115.207535,114.723755,234.94939,81.41379,79.601074,82.97734,127.41737,104.2972,243.2479,119.87173,251.01718,116.90741,146.90962,193.22403,62.373596,139.84317,97.62913,186.51503,133.12262,212.5232,135.76027,93.01796,157.62418,49.1097,151.19875,188.96967,59.6121,130.32469,177.24388,90.867874,258.0285,184.25293,133.5924,140.88098,94.39333,144.575,89.59418,158.12245,149.25844,9.309283
1972,71.965225,88.36909,147.93144,101.47018,188.61008,175.48233,125.96085,86.85634,216.93594,91.353264,131.95657,104.368225,76.13095,58.26958,116.242935,122.76131,122.714516,130.95291,205.29382,91.44838,71.3536,80.74868,123.666016,105.89453,228.10129,121.286026,243.18515,112.504944,109.450645,161.94266,62.627045,136.54556,95.25919,182.36429,133.64903,198.57431,148.09628,72.834724,164.64584,54.733192,153.30617,202.99484,55.989265,98.60051,189.15208,87.69594,280.33896,200.33266,137.02548,135.05312,87.34262,124.26666,98.32573,149.5272,159.69827,10.2085495
1973,79.34657,92.599365,157.60127,92.34167,164.55783,265.5818,125.600464,75.451294,291.5252,94.84938,148.97713,103.05937,146.39642,56.554115,131.44246,111.15072,92.65538,102.434166,198.93198,79.451645,71.80177,80.111694,121.13994,103.68115,239.15433,116.54447,271.85184,113.49074,169.79935,166.52696,57.903137,154.17123,96.98372,227.43884,131.97574,187.75206,156.59673,95.71574,180.04832,43.684517,135.52528,205.33118,62.430317,125.782616,195.83932,81.20377,264.76007,197.1304,151.87697,143.14429,91.94072,130.15834,92.39037,160.16516,151.35306,12.749525
1974,83.47496,93.60536,159.00333,94.97807,160.68073,230.59554,130.85727,102.99672,251.77605,88.16368,126.57068,92.84895,131.38512,74.80929,138.34097,85.25714,104.714516,122.95917,208.84277,79.709114,94.070724,87.16213,131.869,110.45426,217.29268,124.54634,262.32812,111.967224,156.8391,160.13187,62.09809,146.62929,100.00366,189.13095,144.72322,201.62415,153.85938,82.98332,195.68167,47.552265,139.80258,187.55833,55.056385,115.67998,193.6026,94.48079,255.3312,201.70067,110.76495,140.40105,93.41214,122.09334,91.20607,147.43764,151.51059,11.681218
1975,82.966576,91.200905,152.14453,94.56886,195.55833,268.6878,137.06825,80.504105,297.99835,91.37869,141.69725,99.82292,142.23929,56.360847,136.07736,79.19643,98.8879,89.919586,198.78337,76.49221,77.991905,89.36024,129.36732,114.18424,238.61743,120.49619,269.1112,111.67216,138.3218,149.69902,64.38645,156.05383,95.804596,185.02664,146.05945,209.42252,154.50284,100.728226,153.05667,47.187645,154.92303,177.38667,56.174324,128.78526,204.50963,96.42497,289.98294,202.634,125.39559,147.2694,94.96715,118.89833,103.647255,149.89941,161.3692,14.848747
1976,83.83704,90.22865,146.17258,91.78421,179.3658,209.82002,111.3138,96.79988,253.2687,79.8571,135.2712,95.344795,145.94643,60.80025,137.62184,94.44607,91.29059,81.93834,200.43158,74.11488,89.666885,76.050735,130.1452,115.777504,222.14688,127.771645,212.7909,110.861855,118.57628,191.26274,67.81881,164.1714,94.02399,184.19048,151.16978,230.11658,130.48526,89.95537,97.10833,41.775322,133.5694,192.38766,62.49743,107.06889,152.76901,91.46436,205.26762,208.10564,124.011765,139.11523,86.415955,128.46333,94.53609,157.19385,142.08353,11.389982
1977,86.94585,97.52794,148.54324,108.64868,142.08963,225.23198,91.55797,85.45869,280.78915,82.91279,131.34,111.13646,125.00714,70.42701,139.2692,117.16524,124.67312,113.1,173.40114,90.7192,85.965004,70.024124,117.28933,106.941246,209.50244,131.34697,211.08699,103.77506,107.519875,201.39166,71.224396,159.39783,76.32921,165.14523,119.65959,166.28178,148.38646,95.502625,129.7025,67.44095,118.129684,187.70967,52.138,101.91676,172.07095,86.99319,237.57637,208.1412,145.9794,119.078674,69.765,96.39333,108.15663,143.55113,128.2966,13.672928
1978,79.053154,103.07174,148.80106,108.55526,132.00174,253.04387,105.80882,107.68815,260.69183,67.939865,122.05509,114.685936,125.9244,76.10482,120.52252,124.08488,111.95537,110.12583,182.85263,102.20559,101.34175,86.43831,134.53378,109.29063,215.57251,123.9104,240.70364,113.138084,126.6359,165.62206,58.595562,129.81607,95.20499,202.84435,144.90439,172.6506,177.78526,96.86748,154.4,63.381897,159.41,203.33682,65.607925,118.97439,205.11458,101.43146,245.40988,225.20923,124.77059,137.1792,96.10571,133.675,105.46619,162.58469,160.643,12.004836
1979,88.1082,100.90993,145.70877,107.87938,126.6942,212.14482,106.28839,100.65833,229.55289,99.87121,100.93425,106.73854,121.057144,47.786346,132.77452,129.10036,157.80727,184.20749,173.5906,106.395226,89.828766,96.62237,127.00603,111.430435,220.15555,123.31621,253.9703,131.14519,186.0641,169.3549,53.90905,145.33371,116.19415,237.16309,131.86041,202.82104,209.09822,80.38724,261.80084,57.79131,124.22633,208.42334,55.04713,104.11149,234.5789,96.882576,236.05098,220.13919,129.57867,117.71295,108.55619,155.27834,85.25186,167.1164,136.13252,12.219992
1980,70.7795,97.48514,145.25775,96.626755,141.79697,218.81702,115.1042,97.228165,245.23935,84.51042,118.72504,102.60469,138.57797,52.631927,138.77536,127.108925,111.6121,125.7675,203.49315,86.298744,80.46589,85.48918,131.32521,112.13637,199.36197,122.08213,259.07684,117.025,134.45512,165.80147,55.346203,150.25278,99.94533,212.40059,126.136826,182.614,168.09286,88.65819,192.5725,40.324352,162.95938,176.75183,55.843193,118.211075,207.52995,100.06455,250.67441,202.21036,93.73775,141.98172,91.74643,144.32167,86.13851,159.8414,159.55115,10.2901125
1981,65.806915,111.2645,141.10619,97.83684,171.89297,239.93509,115.77169,79.297066,271.32843,83.23433,142.9327,103.07344,132.60178,65.08565,132.42099,96.619286,152.0949,154.215,184.9656,81.004906,73.9639,79.24489,124.67033,111.3694,246.5492,119.60557,267.0513,106.95927,152.55193,160.47354,60.096027,142.05075,90.79533,218.87708,140.04866,207.49605,184.1979,90.42212,204.87666,55.838867,143.35988,176.55934,68.79439,115.76189,228.97356,91.5726,218.62578,214.3428,124.636765,131.5221,87.70238,171.41666,94.78722,179.48178,147.20647,11.004361
1982,74.9788,114.86599,148.61716,112.5057,162.69043,174.80673,155.47546,93.37172,199.55205,108.88145,136.73154,107.126564,121.34822,36.082527,131.74957,113.73488,118.32849,107.284164,169.68605,94.1832,77.62694,73.397514,128.49762,109.2112,222.56438,126.40983,228.38802,108.054504,144.53975,164.07205,62.498302,144.19917,86.76558,212.97173,130.78482,172.86632,165.28928,81.6531,115.74166,64.59644,147.39972,174.33583,51.877735,104.80569,198.7401,85.67802,182.70853,210.5687,119.820595,136.046,78.548096,143.45667,100.75445,158.29927,159.60052,10.4638605
1983,70.74023,90.12932,139.7861,91.70088,185.14609,230.62817,123.78158,76.02852,282.13242,120.11505,115.07658,102.7224,143.79822,38.622337,113.92305,110.27142,108.93656,101.15709,169.59561,75.94589,72.38218,62.265938,102.78752,102.39456,201.5948,119.02366,222.31718,81.42327,131.56538,129.99559,58.768013,107.9536,69.07679,196.34464,121.68854,137.65111,152.83661,98.97133,102.113335,44.670723,135.76569,152.5615,60.780922,118.23405,174.03671,73.014786,171.80174,205.82523,99.2799,132.93571,71.917145,151.27667,89.25534,139.6774,147.51193,14.343653
1984,73.95399,106.31813,149.55571,85.63202,167.55688,250.89932,138.11465,94.775116,256.0761,103.112976,133.73463,87.86927,137.2125,45.55969,134.39462,101.79072,108.072586,104.06834,209.29427,88.949974,79.02425,79.73875,121.64992,97.60495,232.55864,121.3832,248.95157,123.16056,144.82693,187.86667,44.788143,152.86832,99.92539,224.3549,119.382065,214.73169,127.731995,86.56168,143.38333,43.010384,163.6813,198.502,70.55553,115.300095,173.16446,89.05486,241.06201,190.66216,156.69412,133.1723,88.82524,147.92332,85.395386,163.15715,165.22505,9.496503
1985,74.40843,89.51847,160.9609,103.31622,109.27116,229.28113,127.52547,97.08286,286.7731,81.73973,100.03537,101.19844,102.65,62.56305,140.43881,108.57703,130.99382,128.27167,200.31978,85.59963,78.633064,82.092545,131.4603,107.26412,190.31711,125.345314,202.4651,116.64592,128.71281,187.63774,54.338005,161.04234,99.97368,207.39746,132.06496,168.60172,126.00714,85.68127,138.6525,51.560234,141.69656,183.04533,61.06121,119.34471,163.34439,88.58412,169.56105,200.40677,137.1456,136.12808,94.32405,134.775,95.02711,164.11371,153.04895,11.289076
1986,85.20312,91.118065,145.5209,105.05308,134.8003,226.73357,123.00149,96.3142,253.56209,109.81492,127.62129,97.71042,119.7131,50.57244,124.9904,87.03667,154.82016,143.19876,202.61124,93.75276,86.01798,78.16404,117.11662,98.97112,211.60225,128.56752,229.34558,98.232346,117.559616,176.4054,55.194744,144.8949,87.00452,177.43362,129.88615,166.07938,145.8183,82.69403,170.43417,54.76703,159.3285,158.8905,57.842445,107.61046,190.23178,88.408264,219.74243,174.34256,129.62157,130.54105,85.66167,159.93668,89.87047,171.27774,170.1477,11.3264675
1987,73.42308,93.02681,136.06015,100.37018,148.53922,199.79948,121.40596,68.80223,218.72522,105.89498,115.36572,101.83489,117.055954,39.365814,125.78334,100.685,115.29354,115.05501,158.20908,74.359955,66.306206,77.875,113.99422,102.575035,205.01436,130.05032,232.0216,117.87765,139.78719,177.96176,59.06369,143.70248,96.79821,162.26534,125.78884,159.08342,168.26741,78.32841,188.58167,47.214943,132.51184,185.96483,52.252693,120.4438,197.97343,82.76911,248.15059,191.27951,96.00319,125.70896,90.05357,116.826675,92.357605,151.17514,142.26743,10.615242
1988,86.831184,88.68449,146.56949,105.52193,169.63731,242.52397,116.49752,86.905045,271.96747,79.27391,117.98474,105.38698,127.22202,51.84508,138.14847,124.83917,129.27124,121.427505,200.74246,82.43464,77.97879,95.416374,128.99548,113.802895,224.98523,128.56456,264.85468,111.89729,183.05513,206.42256,60.898365,171.43094,92.76402,227.01428,130.5773,189.62576,205.9878,98.02459,191.37332,57.54264,129.75876,174.77667,61.600147,116.16544,230.66614,94.785065,220.12558,198.27928,147.36226,144.72275,98.836426,165.79832,109.91367,173.8965,135.8352,11.618092
1989,75.569595,78.80946,158.79214,102.058334,155.0042,242.92786,136.92197,110.83861,262.58026,90.489914,111.99147,89.06042,124.61488,54.61616,128.7734,94.14726,91.46855,80.17208,197.06697,95.397964,88.42409,88.0345,118.33645,108.041466,192.99176,117.58821,227.34818,120.99562,154.85385,174.07059,63.126343,150.79556,104.59712,224.8497,133.38661,197.45773,159.95149,84.51445,134.49583,57.427044,141.1972,196.89166,57.831654,108.14319,179.04166,91.60237,206.23799,202.42252,121.92892,134.36209,98.61595,125.8,93.99239,146.72879,147.71964,11.102375
1990,76.75372,96.15747,136.72195,100.54605,135.10486,210.61789,99.45483,69.14226,273.60995,104.46686,115.83037,93.219795,109.1512,51.742622,141.79019,102.99559,117.24785,110.08626,185.67496,87.15799,73.040886,74.11257,127.568436,107.30703,194.2705,118.649254,232.72864,101.68784,126.00834,191.07646,57.84511,154.77507,82.417755,179.8506,127.05111,258.56082,138.22202,101.04466,150.1725,59.84303,159.0542,175.95416,60.86325,120.09502,158.61655,89.01721,237.38586,186.99324,152.8549,128.17725,76.77333,130.12833,91.54563,180.09984,155.53822,11.482859
1991,86.63637,91.962265,141.17818,95.153946,126.95007,201.77066,127.60083,91.66326,235.49944,93.59209,104.14006,95.23802,96.256546,44.011646,129.7462,104.94273,98.81264,74.480835,163.14746,85.18285,79.00742,99.03392,123.65139,113.561,175.29526,121.093834,239.26457,106.021164,153.33078,183.57646,55.626324,148.62479,106.41502,214.80208,130.38327,189.45258,158.33498,89.91742,174.85834,48.31171,128.11197,189.23134,61.261353,93.65061,181.73164,97.50717,228.7655,188.01645,126.96568,129.56618,107.80524,135.08499,94.59766,146.56241,144.5638,13.249525
1992,71.14638,100.245445,141.7583,93.36272,154.6332,221.46236,123.2863,59.67336,233.40527,116.283424,110.10543,96.98281,136.82916,37.881676,126.76619,97.310356,112.16129,109.605835,153.39828,77.92413,64.45839,79.089325,124.28534,108.38008,179.7285,124.32074,223.11691,102.40358,166.61218,160.39853,59.56307,135.74287,81.59424,210.59346,132.82425,140.04373,177.02812,79.109055,122.19917,50.26394,124.88649,172.75583,60.614563,86.77653,199.22018,90.85691,212.1442,208.32927,124.57378,113.17198,80.94334,140.18832,88.12266,131.14261,133.17749,13.245984
1993,78.23042,85.03147,140.83391,78.98246,167.4879,203.6862,124.40863,79.17617,208.40105,79.578125,133.80566,84.03802,116.9869,53.40437,126.40548,103.28404,127.206726,144.42958,183.32872,74.71945,79.424194,80.910385,133.1802,111.94379,221.78401,115.69658,244.74426,109.13944,184.43333,171.5946,60.595387,138.65758,90.86129,221.29778,127.57835,204.7274,207.06548,89.050934,225.44751,46.365196,110.21582,192.68883,64.628296,104.33384,232.5323,95.755745,190.88295,205.525,144.1527,117.183334,86.59643,144.255,84.415695,163.15445,127.965515,13.539723
1994,75.43212,86.96674,149.33366,96.83947,168.39645,211.82805,117.18972,67.07336,242.79349,94.243515,135.22472,105.9224,92.944046,38.693474,136.82272,107.70345,120.540855,135.70375,184.80504,92.58034,64.095535,91.10132,127.40796,104.11471,211.70993,116.07754,260.91925,112.622154,128.85449,187.81372,59.351032,152.33865,93.439644,171.19658,161.61331,187.6244,137.2256,95.86811,172.74583,61.023277,158.87424,204.394,53.798073,88.03415,174.50299,97.64964,264.8211,210.27457,134.50516,143.4993,94.8319,142.12833,103.647255,153.30211,163.8274,13.02474
1995,69.149086,66.65707,148.4774,86.589035,156.2971,250.51848,131.69011,76.78017,259.25494,83.81217,120.096115,92.79271,115.01726,38.79021,129.82178,122.51821,125.109146,135.24417,215.77925,79.20429,69.10689,89.797806,118.85287,111.01137,232.29959,107.54512,246.61511,119.51686,172.44038,184.1,56.169197,147.93927,96.57671,253.85567,144.71317,191.63686,194.3369,89.44258,196.75749,53.33617,140.27269,192.62933,61.91325,105.26626,229.1655,95.41652,204.49185,216.01643,130.02206,140.19286,97.04381,131.56168,84.43625,167.198,144.45747,13.897799
1996,77.26442,91.8533,154.92468,86.35395,160.71194,241.98848,134.48439,90.79179,276.27124,110.70351,130.35945,95.02396,117.631546,59.19744,123.90127,117.36226,110.80322,129.61542,202.5889,84.58872,76.96721,86.035965,130.23058,114.33463,244.07825,100.72078,274.16223,119.01543,157.48782,202.36813,65.21196,142.70879,101.01005,227.47754,145.45149,205.06418,168.56473,90.17531,207.22165,46.713684,144.72198,220.60818,61.489136,94.67398,219.00781,101.92101,214.13217,212.47388,122.27427,143.27042,91.841194,149.75333,87.30308,176.53566,155.13065,13.110232
1997,84.20849,98.99808,149.37013,104.232895,145.95363,180.70274,127.124435,96.446365,258.02118,107.49508,124.543335,108.092186,126.22678,67.136444,143.12094,101.398094,96.63817,98.92292,150.31741,86.27459,85.78274,83.02748,140.31436,118.55336,197.60399,127.14497,269.6151,101.17339,124.9391,181.26765,65.50429,156.1675,98.31589,193.7009,139.66116,174.97243,149.75655,86.19478,151.00583,83.80453,145.99132,169.72284,57.456413,100.49085,176.00977,99.67412,257.6818,196.99347,154.8571,128.07632,88.41238,129.80167,100.836975,145.96698,153.73917,13.776382
1998,82.94345,81.1725,145.16666,123.57894,211.19609,244.03242,132.08278,75.1723,264.18024,115.5963,115.758316,124.21666,150.7506,57.46441,132.70676,103.87858,158.12125,175.23209,178.86377,91.068245,87.41578,93.11754,123.25226,117.09359,232.3334,124.8575,264.65106,104.93982,143.6686,190.8402,62.117622,164.75923,78.61947,213.82663,135.69687,203.63084,174.10953,92.12221,232.77917,60.08851,123.068214,190.68883,64.7161,112.79309,221.00339,96.22215,195.3341,188.95879,129.3304,126.339355,92.37024,166.58334,94.18722,193.90637,135.92111,13.402677
1999,84.126175,87.32854,149.79326,95.70175,193.64166,244.40005,117.694374,104.98909,265.779,78.12893,140.1079,96.19063,137.13928,57.74418,152.15407,129.38333,128.3957,141.27875,252.35623,94.072464,91.8549,92.79532,131.38979,116.742516,247.14774,130.76164,232.11356,118.95123,129.75385,171.59314,55.221596,166.32455,104.89774,196.49866,149.50589,219.33565,164.38199,86.45122,204.20667,51.90819,156.95876,211.87717,66.44986,111.82582,204.89792,101.346176,235.38277,217.3437,150.93677,150.18806,108.433334,153.52834,105.78147,195.75282,157.66898,13.254491
2000,83.74648,128.48123,164.98431,80.660965,159.23485,265.27496,115.749306,86.37758,260.01083,94.39148,119.55691,77.68177,141.37381,76.943474,133.54794,115.01833,106.00914,135.51541,242.5583,75.36854,83.92345,78.63377,132.80928,109.59756,220.94243,119.55259,233.77917,109.624695,148.6968,176.46225,59.51768,150.56772,83.782394,209.15804,141.14308,238.26889,159.21458,82.4351,173.74251,39.860527,140.69315,194.75699,58.277016,99.48405,176.9703,93.712326,239.89922,210.92973,114.82892,150.49857,83.22381,153.29666,85.20299,168.40492,141.02065,13.2209835
2001,81.2052,91.77995,144.16176,93.62588,149.99065,238.57011,122.17953,92.333916,263.18085,86.23584,125.84735,94.3401,128.51785,62.137596,123.6577,132.5532,125.60618,151.75667,228.531,78.94347,87.734726,73.06871,126.45012,110.55238,206.69278,124.33092,224.63594,119.9397,152.66475,173.48775,62.80664,142.11539,90.428116,225.98943,130.80319,144.2067,155.32173,81.91725,269.80417,56.541058,161.48178,197.89433,54.564186,105.115746,164.99583,88.34703,253.77579,205.26555,117.28578,139.7904,77.00238,125.45333,97.322815,128.73784,166.10245,13.434196
2002,83.89324,80.962845,150.93156,119.4022,182.51695,214.77982,132.94514,90.67078,264.84326,95.469604,132.84756,116.1151,122.194046,34.835342,136.53323,125.84357,108.615585,132.05833,181.99785,103.40603,82.97102,83.66813,133.0947,103.55267,246.2185,129.71086,250.73776,116.39223,139.4109,209.0603,54.48119,160.43979,100.79899,215.73808,130.09427,186.17294,165.32083,74.75986,197.91167,62.285667,163.60735,199.784,61.3911,99.11992,195.5651,90.45829,246.70291,207.18086,137.62524,144.70749,97.41095,136.27333,104.04353,161.5215,160.81297,13.953756
2003,81.87717,92.32197,142.44534,92.21316,172.66747,244.36557,124.78284,84.07277,260.30258,102.349106,142.9629,94.75052,123.55298,48.273396,128.78122,109.099045,128.025,121.56999,209.80122,66.54842,84.80637,98.86067,133.85886,112.49707,234.75781,123.68707,255.79922,124.85339,139.91922,202.67009,56.24632,153.4774,98.50903,188.67917,144.60886,167.1525,152.44138,85.407486,178.48917,52.969322,131.34698,210.87967,60.29142,93.33811,196.30469,102.66508,232.25252,207.90767,123.92084,132.57983,103.36809,109.8,90.64013,175.57474,142.16902,13.615847
2004,82.80693,91.93834,151.91853,90.17237,158.43057,223.42838,118.78471,97.85833,261.80115,92.652985,140.77719,91.1599,123.5381,61.17741,121.14414,112.49917,172.00269,214.01042,200.96289,86.467514,94.688034,87.62749,122.72111,105.359764,249.32828,123.435074,265.13644,113.671364,139.57693,204.53726,59.070698,146.5328,89.34883,224.2576,142.33586,198.40962,172.20401,85.77689,229.66415,61.477478,139.99614,203.75017,65.63512,99.036385,221.44348,96.44171,275.0645,212.69662,141.0294,134.04051,85.88595,150.49333,97.52095,172.02673,137.70445,13.382254
2005,79.52709,75.3759,151.57907,95.57939,169.17833,225.3511,125.15294,78.79906,262.56772,80.22026,129.91905,95.66406,117.938095,57.840565,125.74514,141.38846,163.72661,189.86,209.88347,86.17007,75.90344,79.44752,120.211,109.90025,247.60019,123.82607,246.62552,106.97377,145.3641,164.15245,62.59182,136.13911,92.084114,224.81355,135.43259,245.9324,160.00209,94.89225,272.695,51.13574,142.50041,178.74667,60.4753,98.77398,195.33217,87.11676,220.90698,192.13873,153.4179,144.43298,89.07619,156.49,86.10574,173.10844,148.31982,13.338125
2006,84.2995,97.26674,155.50058,105.177635,177.03806,224.84244,119.97827,87.43838,272.05106,92.66222,147.76479,104.75521,124.6613,52.058483,131.0953,107.764404,117.03871,108.13458,209.46799,95.580734,83.29893,80.57734,134.12692,114.97848,239.45293,126.77583,242.77682,120.10927,167.22179,218.93872,63.01692,162.7419,89.94533,238.4436,141.39218,231.91951,201.67068,91.56942,130.75667,60.824852,143.10588,217.14417,67.92285,89.40142,215.57578,95.9864,213.27383,215.42545,150.25172,159.96152,88.82357,140.13333,103.41416,173.20808,147.34799,13.589594
2007,82.70208,92.6487,145.25426,102.346054,165.20985,234.83261,113.03912,126.88157,266.00143,89.632,141.40546,102.711975,118.755356,55.0378,139.92142,125.02132,138.0715,159.08167,227.08745,92.0818,85.94747,94.08055,132.86043,116.257484,239.2275,126.947754,248.57735,111.030495,163.1282,203.20981,65.18867,165.19948,108.23949,240.29956,118.33147,226.45634,175.33438,94.01995,240.27165,60.372345,138.50189,181.04984,60.448097,103.210464,206.21172,101.04055,247.9562,182.90451,118.65122,140.15483,101.21095,135.16333,105.3932,172.9034,151.18285,13.708895
2008,82.951546,92.964264,158.68472,87.45833,202.50943,257.55075,119.26631,86.77699,264.66025,88.92358,140.23637,87.35313,126.15952,54.9115,132.35834,109.984764,114.70968,114.247086,264.80536,78.71448,83.759995,101.29182,131.34238,110.913414,253.56726,124.03823,286.53543,121.75154,156.28653,202.35785,63.18758,162.46089,106.35514,224.8765,151.34354,214.38248,182.36264,91.5819,155.46584,56.15219,155.81898,205.804,70.671486,116.77937,233.06796,109.30867,227.21648,208.97116,151.89633,146.51848,107.40143,126.433334,95.398384,175.49467,172.2236,13.609241
2009,84.40591,94.1975,159.8905,114.94386,131.52913,225.75818,120.50658,94.18744,266.20026,92.97575,127.87087,115.9099,119.09108,50.1755,141.34093,90.30857,115.30914,99.28041,236.45227,87.00226,83.95559,87.77427,124.93703,108.4456,208.6459,127.95017,242.03464,122.186356,157.60898,191.01176,55.74871,164.14948,97.75109,186.29955,138.35365,158.87827,143.23453,80.21541,111.48,50.87403,149.06184,200.56183,49.526283,88.37317,177.01353,94.280655,261.71686,205.39798,117.60441,147.60101,98.227615,105.183334,102.802345,124.315025,144.67026,13.478108
2010,84.175186,83.30605,150.25182,117.120316,189.12071,288.78485,113.35921,84.0508,286.35507,97.84752,122.175064,112.90053,166.79411,60.400684,132.27043,124.6591,180.6988,194.11578,201.06342,82.71497,93.45386,95.290955,118.11605,116.51637,252.96768,,288.69852,145.63718,169.76964,170.60075,63.485924,147.42624,105.8044,234.57149,171.98924,209.04404,210.51889,107.658775,293.5655,54.96618,136.3466,227.26053,69.721886,85.39897,240.96188,94.97168,269.48135,233.05856,141.97708,148.43163,111.241455,159.12,120.81991,207.12967,142.03558,12.647741
2011,84.19026,91.62103,154.51495,101.75261,179.6276,247.84135,104.51003,95.39772,269.01422,95.156815,137.49292,100.40417,165.3402,57.331066,130.62538,106.50165,162.65387,181.13596,271.24896,86.803925,81.0219,80.50166,106.23087,112.10067,254.16594,,251.6738,114.84645,154.40178,162.92764,57.653847,144.44208,96.53235,238.88489,145.59653,197.05417,205.67673,94.52916,220.5524,54.407238,175.60315,200.90393,60.87171,123.62905,213.21408,80.24303,258.59424,207.44731,131.55765,179.6616,96.68875,160.28,109.32683,184.17255,172.38461,14.057001
2012,83.90651,88.16757,139.9481,93.03177,179.90529,242.11832,113.50934,91.430855,273.6472,95.0697,119.015564,92.08021,130.92354,49.32769,140.6886,119.827194,118.06488,133.59692,257.47986,71.42235,91.36594,92.14202,127.53548,116.3243,191.4333,,194.90237,109.94444,132.23929,215.65,62.093822,172.63834,96.66182,184.20326,148.94502,174.76059,179.64789,92.32251,163.93571,64.86557,159.04105,178.7272,59.51433,105.93556,183.09154,101.837265,191.10336,206.07108,139.31216,147.42734,96.48979,118.878334,117.34556,151.94662,184.3571,12.433851
